{"cameraMode":{"drawMode":0,"name":"Shaded","section":"Shading Mode"},"sceneLighting":true,"audioPlay":false,"sceneViewState":{"m_AlwaysRefresh":false,"showFog":true,"showSkybox":true,"showFlares":true,"showImageEffects":true,"showParticleSystems":true,"showVisualEffectGraphs":true,"m_FxEnabled":true},"in2DMode":false,"pivot":{"x":-1.006739854812622,"y":0.6729364395141602,"z":43.486175537109378},"rotation":{"x":0.20142783224582673,"y":0.23110923171043397,"z":-0.04897181689739227,"w":0.9505879878997803},"size":3.549285888671875,"orthographic":false}