{"cameraMode":{"drawMode":0,"name":"Shaded","section":"Shading Mode"},"sceneLighting":true,"audioPlay":false,"sceneViewState":{"m_AlwaysRefresh":false,"showFog":true,"showSkybox":true,"showFlares":true,"showImageEffects":true,"showParticleSystems":true,"showVisualEffectGraphs":true,"m_FxEnabled":true},"in2DMode":false,"pivot":{"x":-5.836887359619141,"y":7.1064348220825199,"z":-9.139708518981934},"rotation":{"x":-0.03753752261400223,"y":-0.11754650622606278,"z":0.004445229656994343,"w":-0.9923515915870667},"size":14.015042304992676,"orthographic":false}