{"cameraMode":{"drawMode":0,"name":"Shaded","section":"Shading Mode"},"sceneLighting":true,"audioPlay":false,"sceneViewState":{"m_AlwaysRefresh":false,"showFog":true,"showSkybox":true,"showFlares":true,"showImageEffects":true,"showParticleSystems":true,"showVisualEffectGraphs":true,"m_FxEnabled":true},"in2DMode":false,"pivot":{"x":8.122688293457032,"y":-5.471475601196289,"z":-12.54072380065918},"rotation":{"x":-0.0045722429640591148,"y":0.9659008383750916,"z":-0.2583054304122925,"w":-0.01709732972085476},"size":14.015042304992676,"orthographic":false}